
{
  "pages": [
    {
      "path": "pages/login/login",
      "style": {
        "navigationBarTitleText": "登录界面"
      }
    },
    {
      "path": "pages/register/register",
      "style": {
        "navigationBarTitleText": "注册界面"
      }
    },
	{
      "path": "pages/main/main",
      "style": {
        "navigationBarTitleText": "主界面"
      }
    },
    {
      "path": "pages/project/project",
      "style": {
        "navigationBarTitleText": "项目详情"
      }
    },
    {
      "path": "pages/contact/contact",
      "style": {
        "navigationBarTitleText": "联系人"
      }
    },
    {
      "path": "pages/profile/profile",
      "style": {
        "navigationBarTitleText": "个人信息"
      }
    },
	{
	      "path": "pages/basicInfo/basicInfo",
	      "style": {
	        "navigationBarTitleText": "基本资料"
	  }
	},
	{
	      "path": "pages/skillTree/skillTree",
	      "style": {
	        "navigationBarTitleText": "技能树"
	  }
	},
	{
	      "path": "pages/projectCreate/projectCreate",
	      "style": {
	        "navigationBarTitleText": "项目创建"
	  }
	},
	{
	      "path": "pages/projectExperience/projectExperience",
	      "style": {
	        "navigationBarTitleText": "项目经历及获奖情况"
	  }
	},
	{
	      "path": "pages/projectIntroduction/projectIntroduction",
	      "style": {
	        "navigationBarTitleText": "项目简介"
	  }
	},
	{
	      "path": "pages/taskManagement/taskManagement",
	      "style": {
	        "navigationBarTitleText": "任务管理"
	  }
	},
	{
	      "path": "pages/projectMembers/projectMembers",
	      "style": {
	        "navigationBarTitleText": "项目成员"
	  }
	},
	{
	      "path": "pages/memberInvitation/memberInvitation",
	      "style": {
	        "navigationBarTitleText": "成员邀请"
	  }
	},
	{
	      "path": "pages/projectSquare/projectSquare",
	      "style": {
	        "navigationBarTitleText": "项目广场"
	  }
	},
	{
	      "path": "pages/memberRecommendation/memberRecommendation",
	      "style": {
	        "navigationBarTitleText": "项目成员推荐"
	  }
	},
	{
	      "path": "pages/notification/notification",
	      "style": {
	        "navigationBarTitleText": "消息通知"
	  }
	},
    {
      "path": "pages/chat/chat",
      "style": {
        "navigationBarTitleText": "聊天"
      }
    }
  ],
  "tabBar": {
    "list": [
      {
        "pagePath": "pages/main/main",
        "text": "主界面"
      },
      {
        "pagePath": "pages/project/project",
        "text": "项目详情"
      },
      {
        "pagePath": "pages/contact/contact",
        "text": "联系人"
      },
      {
        "pagePath": "pages/profile/profile",
        "text": "个人信息"
      }
    ],
    "color": "#999",
    "selectedColor": "#007aff",
    "backgroundColor": "#ffffff",
    "borderStyle": "black"
  }
}
